year,sum
2019,74.8616664
2020,75.20025292
2021,75.53897569
2022,75.87781399
2023,76.21674921
2024,76.55576583
2025,76.8948523
2026,77.23400132
2027,77.56553757
2028,77.90478391
2029,78.24406862
2030,78.58338763
2031,78.92273978
2032,79.26211726
2033,79.60152099
2034,79.94094683
2035,80.2803923
2036,80.61985357
2037,80.95167161
2038,81.2911646
, 
